INSERT INTO PUBLIC.CREDENTIALS (ID, PASSWORD, ROLE, USERNAME) VALUES (1, '$2a$10$FrCVZ5zOhMM6lDiPW2q1bO3E99Mjg13XW5VNwGagaYlzYoo8hG7Dm', 1, 'Obama');
INSERT INTO PUBLIC.CREDENTIALS (ID, PASSWORD, ROLE, USERNAME) VALUES (2, '$2a$10$FrCVZ5zOhMM6lDiPW2q1bO3E99Mjg13XW5VNwGagaYlzYoo8hG7Dm', 1, 'Harry');
INSERT INTO PUBLIC.CREDENTIALS (ID, PASSWORD, ROLE, USERNAME) VALUES (3, '$2a$10$FrCVZ5zOhMM6lDiPW2q1bO3E99Mjg13XW5VNwGagaYlzYoo8hG7Dm', 1, 'Donald');
INSERT INTO PUBLIC.CREDENTIALS (ID, PASSWORD, ROLE, USERNAME) VALUES (4, '$2a$10$FrCVZ5zOhMM6lDiPW2q1bO3E99Mjg13XW5VNwGagaYlzYoo8hG7Dm', 1, 'admin');
INSERT INTO PUBLIC.CREDENTIALS (ID, PASSWORD, ROLE, USERNAME) VALUES (5, '$2a$10$FrCVZ5zOhMM6lDiPW2q1bO3E99Mjg13XW5VNwGagaYlzYoo8hG7Dm', 0, 'alexandur');
INSERT INTO PUBLIC.CREDENTIALS (ID, PASSWORD, ROLE, USERNAME) VALUES (6, '$2a$10$aO0K95dyIgO8Z5gf8CzDA.PrcO2PPo9j5tnwOB77goL.mVC8q.V3G', 0, 'boris');
INSERT INTO PUBLIC.CREDENTIALS (ID, PASSWORD, ROLE, USERNAME) VALUES (7, '$2a$10$tlbGjkRlvgIDjoVhRLLAwubmZhsAbNOvS4IoTGqgneCaJsi/r5uAu', 0, 'valio');
INSERT INTO PUBLIC.CREDENTIALS (ID, PASSWORD, ROLE, USERNAME) VALUES (8, '$2a$10$PMPHKzCc1mPGihoywnbZuuNOVB0ppoMIcY654sDUInx21zZLij6D.', 0, 'georgi');
INSERT INTO PUBLIC.CREDENTIALS (ID, PASSWORD, ROLE, USERNAME) VALUES (9, '$2a$10$lZZjjboHXIGZWxgaQwAt2OddSGRf4oY755jFnPeqh7bmXrnxRMFpi', 0, 'dima');
INSERT INTO PUBLIC.CREDENTIALS (ID, PASSWORD, ROLE, USERNAME) VALUES (10, '$2a$10$yKU/oTNSB4eUvV34YrnIzOMHkpkIq/8FIYqezpEOsbC6GdRgZAiLu', 0, 'elena');
INSERT INTO PUBLIC.CREDENTIALS (ID, PASSWORD, ROLE, USERNAME) VALUES (11, '$2a$10$uvwWCWsGf9diyZhqOnGFNuEWYfm3eyUtLdi4ytSjrflIHXhuPoEGK', 0, 'jelio');
INSERT INTO PUBLIC.CREDENTIALS (ID, PASSWORD, ROLE, USERNAME) VALUES (12, '$2a$10$Wk9OamD7MUY0UR.fmEAab.dv/TRIzSkFWXuPuW898XWW9mXfu.Tue', 0, 'Zvoni');
INSERT INTO PUBLIC.CREDENTIALS (ID, PASSWORD, ROLE, USERNAME) VALUES (13, '$2a$10$aQSechI7MphUQDX1iNVAj.P05FfFsEYqu9wnDHQopeivP635R/.vS', 0, 'irena');
INSERT INTO PUBLIC.CREDENTIALS (ID, PASSWORD, ROLE, USERNAME) VALUES (14, '$2a$10$nYot/EcVQV16OO0grN5gxOmoMCytdveh1WlDBB.rzb.Swuldqz2M.', 0, 'Jordan');
INSERT INTO PUBLIC.CREDENTIALS (ID, PASSWORD, ROLE, USERNAME) VALUES (15, '$2a$10$ZKf097MbjRaJz3Yti9eRGe5LuLHZyRzIuQW.W/AllJWcWgH4.1GDu', 0, 'kiro');
INSERT INTO PUBLIC.CREDENTIALS (ID, PASSWORD, ROLE, USERNAME) VALUES (16, '$2a$10$m7FburY9hNjJSdaRfMlQdO.JX68f.1LWnvgLmdgzZclKfi.JqTCjS', 0, 'lora');
INSERT INTO PUBLIC.CREDENTIALS (ID, PASSWORD, ROLE, USERNAME) VALUES (17, '$2a$10$fm/IVSd4y1.MNxnCVRRmJevFniia1D3luJ98OSHzVXXSnARD9h0KC', 0, 'matey');
INSERT INTO PUBLIC.CREDENTIALS (ID, PASSWORD, ROLE, USERNAME) VALUES (18, '$2a$10$roij8O26WwIvEsOzoeczUuNfpCtlENQJAeqcLIlxk5Yvx8.4GtC3K', 0, 'niki');
INSERT INTO PUBLIC.CREDENTIALS (ID, PASSWORD, ROLE, USERNAME) VALUES (19, '$2a$10$AD0la9OhCtjR0HbvLXADzO49RqfKDIQ7pcoT5aOEQIQChTrV0n3qC', 0, 'onoriq');
INSERT INTO PUBLIC.CREDENTIALS (ID, PASSWORD, ROLE, USERNAME) VALUES (20, '$2a$10$r0qvafKfiyfYot23MX/ED.9xDHiUq4mxYw6BDtY6mINKi405W3LdS', 0, 'petur');
INSERT INTO PUBLIC.CREDENTIALS (ID, PASSWORD, ROLE, USERNAME) VALUES (21, '$2a$10$v9kJT3zalF3TCKVI6Xmh0OU/q9U0zZVQdGRD7kspIAmPVyGEtvc06', 0, 'rada');





INSERT INTO PUBLIC.USERS (ID, FIRST_NAME, LAST_NAME, SCORE, CREDENTIALS_ID) VALUES (1, 'Barak', 'Obama', 0, 1);
INSERT INTO PUBLIC.USERS (ID, FIRST_NAME, LAST_NAME, SCORE, CREDENTIALS_ID) VALUES (2, 'Harry', 'Potter', 0, 2);
INSERT INTO PUBLIC.USERS (ID, FIRST_NAME, LAST_NAME, SCORE, CREDENTIALS_ID) VALUES (3, 'Donald', 'Trump', 0, 3);
INSERT INTO PUBLIC.USERS (ID, FIRST_NAME, LAST_NAME, SCORE, CREDENTIALS_ID) VALUES (4, 'Admin', 'Adminski', 0, 4);
INSERT INTO PUBLIC.USERS (ID, FIRST_NAME, LAST_NAME, SCORE, CREDENTIALS_ID) VALUES (5, 'Alexandur', 'Alexandrov', 41, 5);
INSERT INTO PUBLIC.USERS (ID, FIRST_NAME, LAST_NAME, SCORE, CREDENTIALS_ID) VALUES (6, 'Boris', 'Borisov', 0, 6);
INSERT INTO PUBLIC.USERS (ID, FIRST_NAME, LAST_NAME, SCORE, CREDENTIALS_ID) VALUES (7, 'Valentin', 'Vulchev', 0, 7);
INSERT INTO PUBLIC.USERS (ID, FIRST_NAME, LAST_NAME, SCORE, CREDENTIALS_ID) VALUES (8, 'Georgi', 'Georgiev', 0, 8);
INSERT INTO PUBLIC.USERS (ID, FIRST_NAME, LAST_NAME, SCORE, CREDENTIALS_ID) VALUES (9, 'Dimana', 'Dimanova', 62, 9);
INSERT INTO PUBLIC.USERS (ID, FIRST_NAME, LAST_NAME, SCORE, CREDENTIALS_ID) VALUES (10, 'Elena', 'Koshutova', 0, 10);
INSERT INTO PUBLIC.USERS (ID, FIRST_NAME, LAST_NAME, SCORE, CREDENTIALS_ID) VALUES (11, 'Jelio', 'Jelev', 41, 11);
INSERT INTO PUBLIC.USERS (ID, FIRST_NAME, LAST_NAME, SCORE, CREDENTIALS_ID) VALUES (12, 'Zwonimir', 'Boban', 0, 12);
INSERT INTO PUBLIC.USERS (ID, FIRST_NAME, LAST_NAME, SCORE, CREDENTIALS_ID) VALUES (13, 'Irena', 'Irenova', 82, 13);
INSERT INTO PUBLIC.USERS (ID, FIRST_NAME, LAST_NAME, SCORE, CREDENTIALS_ID) VALUES (14, 'Jordan', 'Jordanov', 0, 14);
INSERT INTO PUBLIC.USERS (ID, FIRST_NAME, LAST_NAME, SCORE, CREDENTIALS_ID) VALUES (15, 'Kiril', 'Kirilov', 82, 15);
INSERT INTO PUBLIC.USERS (ID, FIRST_NAME, LAST_NAME, SCORE, CREDENTIALS_ID) VALUES (16, 'Lora', 'Lorova', 133, 16);
INSERT INTO PUBLIC.USERS (ID, FIRST_NAME, LAST_NAME, SCORE, CREDENTIALS_ID) VALUES (17, 'Matey', 'Mateev', 118, 17);
INSERT INTO PUBLIC.USERS (ID, FIRST_NAME, LAST_NAME, SCORE, CREDENTIALS_ID) VALUES (18, 'Nikolaj', 'Nikolov', 0, 18);
INSERT INTO PUBLIC.USERS (ID, FIRST_NAME, LAST_NAME, SCORE, CREDENTIALS_ID) VALUES (19, 'Onoriq', 'Peckm', 1, 19);
INSERT INTO PUBLIC.USERS (ID, FIRST_NAME, LAST_NAME, SCORE, CREDENTIALS_ID) VALUES (20, 'Petur', 'Petrov', 82, 20);
INSERT INTO PUBLIC.USERS (ID, FIRST_NAME, LAST_NAME, SCORE, CREDENTIALS_ID) VALUES (21, 'Radichka', 'Radichkova', 1, 21);





INSERT INTO PUBLIC.CONTESTS_CATEGORIES (ID, CATEGORY) VALUES (1, 'Cars');
INSERT INTO PUBLIC.CONTESTS_CATEGORIES (ID, CATEGORY) VALUES (2, 'Cats');
INSERT INTO PUBLIC.CONTESTS_CATEGORIES (ID, CATEGORY) VALUES (3, 'Dogs');
INSERT INTO PUBLIC.CONTESTS_CATEGORIES (ID, CATEGORY) VALUES (4, 'Sunsets');
INSERT INTO PUBLIC.CONTESTS_CATEGORIES (ID, CATEGORY) VALUES (5, 'Food');
INSERT INTO PUBLIC.CONTESTS_CATEGORIES (ID, CATEGORY) VALUES (6, 'Balck & White');
INSERT INTO PUBLIC.CONTESTS_CATEGORIES (ID, CATEGORY) VALUES (7, 'Flowers');
INSERT INTO PUBLIC.CONTESTS_CATEGORIES (ID, CATEGORY) VALUES (8, 'Fish');
INSERT INTO PUBLIC.CONTESTS_CATEGORIES (ID, CATEGORY) VALUES (9, 'Mountain');





INSERT INTO PUBLIC.CONTESTS (ID, COVER_PHOTO, FINISHED, IS_OPEN, TIME_LIMIT_PHASE_1, TIME_LIMIT_PHASE_2, TITLE, CATEGORY_ID) VALUES (1, '/images/1618580446444_My first car', false, true, '2021-04-20 00:00:00.000000', '2021-04-20 20:00:00.000000', 'My first car', 1);
INSERT INTO PUBLIC.CONTESTS (ID, COVER_PHOTO, FINISHED, IS_OPEN, TIME_LIMIT_PHASE_1, TIME_LIMIT_PHASE_2, TITLE, CATEGORY_ID) VALUES (2, '/images/1618580485829_Murder Machines', false, true, '2021-04-22 00:00:00.000000', '2021-04-22 12:00:00.000000', 'Murder Machines', 2);
INSERT INTO PUBLIC.CONTESTS (ID, COVER_PHOTO, FINISHED, IS_OPEN, TIME_LIMIT_PHASE_1, TIME_LIMIT_PHASE_2, TITLE, CATEGORY_ID) VALUES (3, '/images/1618580520128_Best Frends', false, true, '2021-04-20 00:00:00.000000', '2021-04-20 20:00:00.000000', 'Best Frends', 3);
INSERT INTO PUBLIC.CONTESTS (ID, COVER_PHOTO, FINISHED, IS_OPEN, TIME_LIMIT_PHASE_1, TIME_LIMIT_PHASE_2, TITLE, CATEGORY_ID) VALUES (4, '/images/1618580695706_Best Part of the Day', true, true, '2021-04-19 00:00:00.000000', '2021-04-19 06:00:00.000000', 'Best Part of the Day', 4);
INSERT INTO PUBLIC.CONTESTS (ID, COVER_PHOTO, FINISHED, IS_OPEN, TIME_LIMIT_PHASE_1, TIME_LIMIT_PHASE_2, TITLE, CATEGORY_ID) VALUES (5, '/images/1618581534951_Your Last Lunch', true, true, '2021-04-15 00:00:00.000000', '2021-04-16 17:22:00.000000', 'Your Last Lunch', 5);
INSERT INTO PUBLIC.CONTESTS (ID, COVER_PHOTO, FINISHED, IS_OPEN, TIME_LIMIT_PHASE_1, TIME_LIMIT_PHASE_2, TITLE, CATEGORY_ID) VALUES (6, '/images/1618752848100_Back to the basics', true, true, '2021-04-18 00:00:00.000000', '2021-04-18 17:00:00.000000', 'Back to the basics', 6);
INSERT INTO PUBLIC.CONTESTS (ID, COVER_PHOTO, FINISHED, IS_OPEN, TIME_LIMIT_PHASE_1, TIME_LIMIT_PHASE_2, TITLE, CATEGORY_ID) VALUES (7, '/images/1618752879655_The flower', false, true, '2021-04-20 00:00:00.000000', '2021-04-20 16:00:00.000000', 'The flower', 7);
INSERT INTO PUBLIC.CONTESTS (ID, COVER_PHOTO, FINISHED, IS_OPEN, TIME_LIMIT_PHASE_1, TIME_LIMIT_PHASE_2, TITLE, CATEGORY_ID) VALUES (8, '/images/1618752905750_A sea chreature', false, false, '2021-04-21 00:00:00.000000', '2021-04-21 12:00:00.000000', 'A sea chreature', 8);
INSERT INTO PUBLIC.CONTESTS (ID, COVER_PHOTO, FINISHED, IS_OPEN, TIME_LIMIT_PHASE_1, TIME_LIMIT_PHASE_2, TITLE, CATEGORY_ID) VALUES (38, '/images/1618753158510_A montain Peak', true, true, '2021-04-19 00:00:00.000000', '2021-04-19 09:00:00.000000', 'A montain Peak', 9);





INSERT INTO PUBLIC.PHOTOS (ID, FILE_PATH, STORY, TITLE, CONTEST_ID, USER_ID) VALUES (1, '/images/1618580786098_Dimana', 'He loves to cuddle', 'My fluffy Boy', 2, 9);
INSERT INTO PUBLIC.PHOTOS (ID, FILE_PATH, STORY, TITLE, CONTEST_ID, USER_ID) VALUES (2, '/images/1618580823477_Dimana', 'Not as big or powerfull as the others', 'This toy', 1, 9);
INSERT INTO PUBLIC.PHOTOS (ID, FILE_PATH, STORY, TITLE, CONTEST_ID, USER_ID) VALUES (3, '/images/1618580874161_Dimana', 'My friends bestfriend', 'A beast', 3, 9);
INSERT INTO PUBLIC.PHOTOS (ID, FILE_PATH, STORY, TITLE, CONTEST_ID, USER_ID) VALUES (4, '/images/1618580916423_Dimana', 'In a mountain far far away', 'Somewere Else', 4, 9);
INSERT INTO PUBLIC.PHOTOS (ID, FILE_PATH, STORY, TITLE, CONTEST_ID, USER_ID) VALUES (5, '/images/1618580970461_Lora', 'She is not a morning person', 'A princes', 2, 16);
INSERT INTO PUBLIC.PHOTOS (ID, FILE_PATH, STORY, TITLE, CONTEST_ID, USER_ID) VALUES (6, '/images/1618581001712_Lora', 'My first big perchaice', 'A bug', 1, 16);
INSERT INTO PUBLIC.PHOTOS (ID, FILE_PATH, STORY, TITLE, CONTEST_ID, USER_ID) VALUES (7, '/images/1618581038743_Lora', 'The calmest place in the univerce', 'Freedom', 4, 16);
INSERT INTO PUBLIC.PHOTOS (ID, FILE_PATH, STORY, TITLE, CONTEST_ID, USER_ID) VALUES (8, '/images/1618581077733_Radichka', 'All ears and no brain', 'Roger', 3, 21);
INSERT INTO PUBLIC.PHOTOS (ID, FILE_PATH, STORY, TITLE, CONTEST_ID, USER_ID) VALUES (9, '/images/1618581128746_Radichka', 'I hope my first car', 'Dream', 1, 21);
INSERT INTO PUBLIC.PHOTOS (ID, FILE_PATH, STORY, TITLE, CONTEST_ID, USER_ID) VALUES (10, '/images/1618581161630_Radichka', 'A beast in his natural enviroment', 'Vernan', 2, 21);
INSERT INTO PUBLIC.PHOTOS (ID, FILE_PATH, STORY, TITLE, CONTEST_ID, USER_ID) VALUES (11, '/images/1618581199349_Zwonimir', 'It goes vroom, vroom', 'My car', 1, 12);
INSERT INTO PUBLIC.PHOTOS (ID, FILE_PATH, STORY, TITLE, CONTEST_ID, USER_ID) VALUES (12, '/images/1618581275918_Zwonimir', 'Local Feudal Lord', 'Beast', 2, 12);
INSERT INTO PUBLIC.PHOTOS (ID, FILE_PATH, STORY, TITLE, CONTEST_ID, USER_ID) VALUES (13, '/images/1618581343230_Matey', 'There is a wolf inside', 'Fenrir', 3, 17);
INSERT INTO PUBLIC.PHOTOS (ID, FILE_PATH, STORY, TITLE, CONTEST_ID, USER_ID) VALUES (14, '/images/1618581366299_Matey', 'The day i bacame a Man', 'Best PIcture', 4, 17);
INSERT INTO PUBLIC.PHOTOS (ID, FILE_PATH, STORY, TITLE, CONTEST_ID, USER_ID) VALUES (15, '/images/1618581428069_Matey', 'I have so many miles on this beast', 'a 6 yearold''s first car', 1, 17);
INSERT INTO PUBLIC.PHOTOS (ID, FILE_PATH, STORY, TITLE, CONTEST_ID, USER_ID) VALUES (16, '/images/1618581567009_Dimana', 'Cake is food too', 'mmmmmm', 5, 9);
INSERT INTO PUBLIC.PHOTOS (ID, FILE_PATH, STORY, TITLE, CONTEST_ID, USER_ID) VALUES (17, '/images/1618581596660_Onoriq', 'Something LIght', 'Soup', 5, 19);
INSERT INTO PUBLIC.PHOTOS (ID, FILE_PATH, STORY, TITLE, CONTEST_ID, USER_ID) VALUES (18, '/images/1618581623286_Onoriq', 'Its my cat Bart', 'Best Boy', 2, 19);
INSERT INTO PUBLIC.PHOTOS (ID, FILE_PATH, STORY, TITLE, CONTEST_ID, USER_ID) VALUES (19, '/images/1618581720374_Lora', 'So spicy, so nice', 'ButterChicken with naan', 5, 16);
INSERT INTO PUBLIC.PHOTOS (ID, FILE_PATH, STORY, TITLE, CONTEST_ID, USER_ID) VALUES (20, '/images/1618581770877_Radichka', 'I have nothing more to add', 'BEST FOOD EVAA', 5, 21);
INSERT INTO PUBLIC.PHOTOS (ID, FILE_PATH, STORY, TITLE, CONTEST_ID, USER_ID) VALUES (21, '/images/1618581844004_Matey', 'Nothing better than fresh bread', 'Just Bread', 5, 17);
INSERT INTO PUBLIC.PHOTOS (ID, FILE_PATH, STORY, TITLE, CONTEST_ID, USER_ID) VALUES (22, '/images/1618753234620_Alexandur', 'I saw this one while i was in Thailand', 'A fish', 8, 5);
INSERT INTO PUBLIC.PHOTOS (ID, FILE_PATH, STORY, TITLE, CONTEST_ID, USER_ID) VALUES (23, '/images/1618753280718_Alexandur', 'I saw this rose in my unckles garden', 'A rose', 6, 5);
INSERT INTO PUBLIC.PHOTOS (ID, FILE_PATH, STORY, TITLE, CONTEST_ID, USER_ID) VALUES (24, '/images/1618753330630_Jelio', 'This i s a cousin of sharks', 'A ray', 8, 11);
INSERT INTO PUBLIC.PHOTOS (ID, FILE_PATH, STORY, TITLE, CONTEST_ID, USER_ID) VALUES (25, '/images/1618753393558_Jelio', 'a white flower', 'A white Flower', 7, 11);
INSERT INTO PUBLIC.PHOTOS (ID, FILE_PATH, STORY, TITLE, CONTEST_ID, USER_ID) VALUES (26, '/images/1618753419874_Jelio', 'My do chased them away', 'Ducks', 38, 11);
INSERT INTO PUBLIC.PHOTOS (ID, FILE_PATH, STORY, TITLE, CONTEST_ID, USER_ID) VALUES (27, '/images/1618753466089_Irena', 'Her name is Jasmin', 'A green petunia', 8, 13);
INSERT INTO PUBLIC.PHOTOS (ID, FILE_PATH, STORY, TITLE, CONTEST_ID, USER_ID) VALUES (28, '/images/1618753490205_Irena', 'I want to live there', 'House by the Lake', 38, 13);
INSERT INTO PUBLIC.PHOTOS (ID, FILE_PATH, STORY, TITLE, CONTEST_ID, USER_ID) VALUES (29, '/images/1618753526054_Irena', 'In the end of the year only the strong are alive', 'Fall', 6, 13);
INSERT INTO PUBLIC.PHOTOS (ID, FILE_PATH, STORY, TITLE, CONTEST_ID, USER_ID) VALUES (30, '/images/1618753565048_Kiril', 'Might be a shark but it is harmless', 'Whale shark', 8, 15);
INSERT INTO PUBLIC.PHOTOS (ID, FILE_PATH, STORY, TITLE, CONTEST_ID, USER_ID) VALUES (31, '/images/1618753593041_Kiril', 'The most photographed bridge', 'LA', 6, 15);
INSERT INTO PUBLIC.PHOTOS (ID, FILE_PATH, STORY, TITLE, CONTEST_ID, USER_ID) VALUES (32, '/images/1618753618984_Kiril', 'Its just a vase for some', 'Vase', 7, 15);
INSERT INTO PUBLIC.PHOTOS (ID, FILE_PATH, STORY, TITLE, CONTEST_ID, USER_ID) VALUES (33, '/images/1618753662185_Kiril', 'Days away, and still in front', 'Peak Nebuckenesar', 38, 15);
INSERT INTO PUBLIC.PHOTOS (ID, FILE_PATH, STORY, TITLE, CONTEST_ID, USER_ID) VALUES (34, '/images/1618753701001_Lora', 'A scaling scalaria', 'The Queen', 8, 16);
INSERT INTO PUBLIC.PHOTOS (ID, FILE_PATH, STORY, TITLE, CONTEST_ID, USER_ID) VALUES (35, '/images/1618753725302_Lora', 'life can be bleack sometimes', 'Work', 6, 16);
INSERT INTO PUBLIC.PHOTOS (ID, FILE_PATH, STORY, TITLE, CONTEST_ID, USER_ID) VALUES (36, '/images/1618753762050_Lora', 'Iht sun allways shines in your face', 'Sunflower', 7, 16);
INSERT INTO PUBLIC.PHOTOS (ID, FILE_PATH, STORY, TITLE, CONTEST_ID, USER_ID) VALUES (37, '/images/1618753829847_Petur', 'The one that got away', 'Here fishi, fishy', 8, 20);
INSERT INTO PUBLIC.PHOTOS (ID, FILE_PATH, STORY, TITLE, CONTEST_ID, USER_ID) VALUES (38, '/images/1618753868491_Petur', 'I will be there some day', 'Goals', 38, 20);
INSERT INTO PUBLIC.PHOTOS (ID, FILE_PATH, STORY, TITLE, CONTEST_ID, USER_ID) VALUES (39, '/images/1618753888104_Petur', 'In the club', 'Jazz', 6, 20);
INSERT INTO PUBLIC.PHOTOS (ID, FILE_PATH, STORY, TITLE, CONTEST_ID, USER_ID) VALUES (40, '/images/1618753963172_Matey', 'If moments can last forever', 'Calm', 38, 17);
INSERT INTO PUBLIC.PHOTOS (ID, FILE_PATH, STORY, TITLE, CONTEST_ID, USER_ID) VALUES (41, '/images/1618753983791_Matey', 'the last of its kind', 'violet', 7, 17);




INSERT INTO PUBLIC.REVIEWS (ID, COMMENT, EDITED, SCORE, PHOTO_ID, JURY_ID) VALUES (1, null, false, 3, 1, 1);
INSERT INTO PUBLIC.REVIEWS (ID, COMMENT, EDITED, SCORE, PHOTO_ID, JURY_ID) VALUES (2, null, false, 3, 1, 2);
INSERT INTO PUBLIC.REVIEWS (ID, COMMENT, EDITED, SCORE, PHOTO_ID, JURY_ID) VALUES (3, null, false, 3, 1, 3);
INSERT INTO PUBLIC.REVIEWS (ID, COMMENT, EDITED, SCORE, PHOTO_ID, JURY_ID) VALUES (4, null, false, 3, 1, 4);
INSERT INTO PUBLIC.REVIEWS (ID, COMMENT, EDITED, SCORE, PHOTO_ID, JURY_ID) VALUES (5, null, false, 3, 2, 1);
INSERT INTO PUBLIC.REVIEWS (ID, COMMENT, EDITED, SCORE, PHOTO_ID, JURY_ID) VALUES (6, null, false, 3, 2, 2);
INSERT INTO PUBLIC.REVIEWS (ID, COMMENT, EDITED, SCORE, PHOTO_ID, JURY_ID) VALUES (7, null, false, 3, 2, 3);
INSERT INTO PUBLIC.REVIEWS (ID, COMMENT, EDITED, SCORE, PHOTO_ID, JURY_ID) VALUES (8, null, false, 3, 2, 4);
INSERT INTO PUBLIC.REVIEWS (ID, COMMENT, EDITED, SCORE, PHOTO_ID, JURY_ID) VALUES (9, null, false, 3, 3, 1);
INSERT INTO PUBLIC.REVIEWS (ID, COMMENT, EDITED, SCORE, PHOTO_ID, JURY_ID) VALUES (10, null, false, 3, 3, 2);
INSERT INTO PUBLIC.REVIEWS (ID, COMMENT, EDITED, SCORE, PHOTO_ID, JURY_ID) VALUES (11, null, false, 3, 3, 3);
INSERT INTO PUBLIC.REVIEWS (ID, COMMENT, EDITED, SCORE, PHOTO_ID, JURY_ID) VALUES (12, null, false, 3, 3, 4);
INSERT INTO PUBLIC.REVIEWS (ID, COMMENT, EDITED, SCORE, PHOTO_ID, JURY_ID) VALUES (13, null, false, 3, 4, 1);
INSERT INTO PUBLIC.REVIEWS (ID, COMMENT, EDITED, SCORE, PHOTO_ID, JURY_ID) VALUES (14, null, false, 3, 4, 2);
INSERT INTO PUBLIC.REVIEWS (ID, COMMENT, EDITED, SCORE, PHOTO_ID, JURY_ID) VALUES (15, null, false, 3, 4, 3);
INSERT INTO PUBLIC.REVIEWS (ID, COMMENT, EDITED, SCORE, PHOTO_ID, JURY_ID) VALUES (16, null, false, 3, 4, 4);
INSERT INTO PUBLIC.REVIEWS (ID, COMMENT, EDITED, SCORE, PHOTO_ID, JURY_ID) VALUES (17, null, false, 3, 5, 1);
INSERT INTO PUBLIC.REVIEWS (ID, COMMENT, EDITED, SCORE, PHOTO_ID, JURY_ID) VALUES (18, null, false, 3, 5, 2);
INSERT INTO PUBLIC.REVIEWS (ID, COMMENT, EDITED, SCORE, PHOTO_ID, JURY_ID) VALUES (19, null, false, 3, 5, 3);
INSERT INTO PUBLIC.REVIEWS (ID, COMMENT, EDITED, SCORE, PHOTO_ID, JURY_ID) VALUES (20, null, false, 3, 5, 4);
INSERT INTO PUBLIC.REVIEWS (ID, COMMENT, EDITED, SCORE, PHOTO_ID, JURY_ID) VALUES (21, null, false, 3, 6, 1);
INSERT INTO PUBLIC.REVIEWS (ID, COMMENT, EDITED, SCORE, PHOTO_ID, JURY_ID) VALUES (22, null, false, 3, 6, 2);
INSERT INTO PUBLIC.REVIEWS (ID, COMMENT, EDITED, SCORE, PHOTO_ID, JURY_ID) VALUES (23, null, false, 3, 6, 3);
INSERT INTO PUBLIC.REVIEWS (ID, COMMENT, EDITED, SCORE, PHOTO_ID, JURY_ID) VALUES (24, null, false, 3, 6, 4);
INSERT INTO PUBLIC.REVIEWS (ID, COMMENT, EDITED, SCORE, PHOTO_ID, JURY_ID) VALUES (25, null, false, 3, 7, 1);
INSERT INTO PUBLIC.REVIEWS (ID, COMMENT, EDITED, SCORE, PHOTO_ID, JURY_ID) VALUES (26, null, false, 3, 7, 2);
INSERT INTO PUBLIC.REVIEWS (ID, COMMENT, EDITED, SCORE, PHOTO_ID, JURY_ID) VALUES (27, null, false, 3, 7, 3);
INSERT INTO PUBLIC.REVIEWS (ID, COMMENT, EDITED, SCORE, PHOTO_ID, JURY_ID) VALUES (28, null, false, 3, 7, 4);
INSERT INTO PUBLIC.REVIEWS (ID, COMMENT, EDITED, SCORE, PHOTO_ID, JURY_ID) VALUES (29, null, false, 3, 8, 1);
INSERT INTO PUBLIC.REVIEWS (ID, COMMENT, EDITED, SCORE, PHOTO_ID, JURY_ID) VALUES (30, null, false, 3, 8, 2);
INSERT INTO PUBLIC.REVIEWS (ID, COMMENT, EDITED, SCORE, PHOTO_ID, JURY_ID) VALUES (31, null, false, 3, 8, 3);
INSERT INTO PUBLIC.REVIEWS (ID, COMMENT, EDITED, SCORE, PHOTO_ID, JURY_ID) VALUES (32, null, false, 3, 8, 4);
INSERT INTO PUBLIC.REVIEWS (ID, COMMENT, EDITED, SCORE, PHOTO_ID, JURY_ID) VALUES (33, null, false, 3, 9, 1);
INSERT INTO PUBLIC.REVIEWS (ID, COMMENT, EDITED, SCORE, PHOTO_ID, JURY_ID) VALUES (34, null, false, 3, 9, 2);
INSERT INTO PUBLIC.REVIEWS (ID, COMMENT, EDITED, SCORE, PHOTO_ID, JURY_ID) VALUES (35, null, false, 3, 9, 3);
INSERT INTO PUBLIC.REVIEWS (ID, COMMENT, EDITED, SCORE, PHOTO_ID, JURY_ID) VALUES (36, null, false, 3, 9, 4);
INSERT INTO PUBLIC.REVIEWS (ID, COMMENT, EDITED, SCORE, PHOTO_ID, JURY_ID) VALUES (37, null, false, 3, 10, 1);
INSERT INTO PUBLIC.REVIEWS (ID, COMMENT, EDITED, SCORE, PHOTO_ID, JURY_ID) VALUES (38, null, false, 3, 10, 2);
INSERT INTO PUBLIC.REVIEWS (ID, COMMENT, EDITED, SCORE, PHOTO_ID, JURY_ID) VALUES (39, null, false, 3, 10, 3);
INSERT INTO PUBLIC.REVIEWS (ID, COMMENT, EDITED, SCORE, PHOTO_ID, JURY_ID) VALUES (40, null, false, 3, 10, 4);
INSERT INTO PUBLIC.REVIEWS (ID, COMMENT, EDITED, SCORE, PHOTO_ID, JURY_ID) VALUES (41, null, false, 3, 11, 1);
INSERT INTO PUBLIC.REVIEWS (ID, COMMENT, EDITED, SCORE, PHOTO_ID, JURY_ID) VALUES (42, null, false, 3, 11, 2);
INSERT INTO PUBLIC.REVIEWS (ID, COMMENT, EDITED, SCORE, PHOTO_ID, JURY_ID) VALUES (43, null, false, 3, 11, 3);
INSERT INTO PUBLIC.REVIEWS (ID, COMMENT, EDITED, SCORE, PHOTO_ID, JURY_ID) VALUES (44, null, false, 3, 11, 4);
INSERT INTO PUBLIC.REVIEWS (ID, COMMENT, EDITED, SCORE, PHOTO_ID, JURY_ID) VALUES (45, null, false, 3, 12, 1);
INSERT INTO PUBLIC.REVIEWS (ID, COMMENT, EDITED, SCORE, PHOTO_ID, JURY_ID) VALUES (46, null, false, 3, 12, 2);
INSERT INTO PUBLIC.REVIEWS (ID, COMMENT, EDITED, SCORE, PHOTO_ID, JURY_ID) VALUES (47, null, false, 3, 12, 3);
INSERT INTO PUBLIC.REVIEWS (ID, COMMENT, EDITED, SCORE, PHOTO_ID, JURY_ID) VALUES (48, null, false, 3, 12, 4);
INSERT INTO PUBLIC.REVIEWS (ID, COMMENT, EDITED, SCORE, PHOTO_ID, JURY_ID) VALUES (49, null, false, 3, 13, 1);
INSERT INTO PUBLIC.REVIEWS (ID, COMMENT, EDITED, SCORE, PHOTO_ID, JURY_ID) VALUES (50, null, false, 3, 13, 2);
INSERT INTO PUBLIC.REVIEWS (ID, COMMENT, EDITED, SCORE, PHOTO_ID, JURY_ID) VALUES (51, null, false, 3, 13, 3);
INSERT INTO PUBLIC.REVIEWS (ID, COMMENT, EDITED, SCORE, PHOTO_ID, JURY_ID) VALUES (52, null, false, 3, 13, 4);
INSERT INTO PUBLIC.REVIEWS (ID, COMMENT, EDITED, SCORE, PHOTO_ID, JURY_ID) VALUES (53, null, false, 3, 14, 1);
INSERT INTO PUBLIC.REVIEWS (ID, COMMENT, EDITED, SCORE, PHOTO_ID, JURY_ID) VALUES (54, null, false, 3, 14, 2);
INSERT INTO PUBLIC.REVIEWS (ID, COMMENT, EDITED, SCORE, PHOTO_ID, JURY_ID) VALUES (55, null, false, 3, 14, 3);
INSERT INTO PUBLIC.REVIEWS (ID, COMMENT, EDITED, SCORE, PHOTO_ID, JURY_ID) VALUES (56, null, false, 3, 14, 4);
INSERT INTO PUBLIC.REVIEWS (ID, COMMENT, EDITED, SCORE, PHOTO_ID, JURY_ID) VALUES (57, null, false, 3, 15, 1);
INSERT INTO PUBLIC.REVIEWS (ID, COMMENT, EDITED, SCORE, PHOTO_ID, JURY_ID) VALUES (58, null, false, 3, 15, 2);
INSERT INTO PUBLIC.REVIEWS (ID, COMMENT, EDITED, SCORE, PHOTO_ID, JURY_ID) VALUES (59, null, false, 3, 15, 3);
INSERT INTO PUBLIC.REVIEWS (ID, COMMENT, EDITED, SCORE, PHOTO_ID, JURY_ID) VALUES (60, null, false, 3, 15, 4);
INSERT INTO PUBLIC.REVIEWS (ID, COMMENT, EDITED, SCORE, PHOTO_ID, JURY_ID) VALUES (61, 'Nice touch with the flours', true, 8, 16, 1);
INSERT INTO PUBLIC.REVIEWS (ID, COMMENT, EDITED, SCORE, PHOTO_ID, JURY_ID) VALUES (62, 'the cake is a bit out of phocus', true, 6, 16, 2);
INSERT INTO PUBLIC.REVIEWS (ID, COMMENT, EDITED, SCORE, PHOTO_ID, JURY_ID) VALUES (63, 'I can make this better', true, 4, 16, 3);
INSERT INTO PUBLIC.REVIEWS (ID, COMMENT, EDITED, SCORE, PHOTO_ID, JURY_ID) VALUES (64, 'Admin Want', true, 10, 16, 4);
INSERT INTO PUBLIC.REVIEWS (ID, COMMENT, EDITED, SCORE, PHOTO_ID, JURY_ID) VALUES (65, 'The Background as awfull', true, 3, 17, 1);
INSERT INTO PUBLIC.REVIEWS (ID, COMMENT, EDITED, SCORE, PHOTO_ID, JURY_ID) VALUES (66, 'looks like a Stock Photo', true, 2, 17, 2);
INSERT INTO PUBLIC.REVIEWS (ID, COMMENT, EDITED, SCORE, PHOTO_ID, JURY_ID) VALUES (67, 'I hate soup', true, 2, 17, 3);
INSERT INTO PUBLIC.REVIEWS (ID, COMMENT, EDITED, SCORE, PHOTO_ID, JURY_ID) VALUES (68, 'Admin Carrot', true, 7, 17, 4);
INSERT INTO PUBLIC.REVIEWS (ID, COMMENT, EDITED, SCORE, PHOTO_ID, JURY_ID) VALUES (69, null, false, 3, 18, 1);
INSERT INTO PUBLIC.REVIEWS (ID, COMMENT, EDITED, SCORE, PHOTO_ID, JURY_ID) VALUES (70, null, false, 3, 18, 2);
INSERT INTO PUBLIC.REVIEWS (ID, COMMENT, EDITED, SCORE, PHOTO_ID, JURY_ID) VALUES (71, null, false, 3, 18, 3);
INSERT INTO PUBLIC.REVIEWS (ID, COMMENT, EDITED, SCORE, PHOTO_ID, JURY_ID) VALUES (72, null, false, 3, 18, 4);
INSERT INTO PUBLIC.REVIEWS (ID, COMMENT, EDITED, SCORE, PHOTO_ID, JURY_ID) VALUES (73, 'Actual food, Nice!!', true, 10, 19, 1);
INSERT INTO PUBLIC.REVIEWS (ID, COMMENT, EDITED, SCORE, PHOTO_ID, JURY_ID) VALUES (74, 'Verry nice composition', true, 7, 19, 2);
INSERT INTO PUBLIC.REVIEWS (ID, COMMENT, EDITED, SCORE, PHOTO_ID, JURY_ID) VALUES (75, 'Yes, give me four', true, 6, 19, 3);
INSERT INTO PUBLIC.REVIEWS (ID, COMMENT, EDITED, SCORE, PHOTO_ID, JURY_ID) VALUES (76, 'Admin Love', true, 10, 19, 4);
INSERT INTO PUBLIC.REVIEWS (ID, COMMENT, EDITED, SCORE, PHOTO_ID, JURY_ID) VALUES (77, 'this cant be your lunch', true, 5, 20, 1);
INSERT INTO PUBLIC.REVIEWS (ID, COMMENT, EDITED, SCORE, PHOTO_ID, JURY_ID) VALUES (78, 'Not Suitable for this contest', true, 0, 20, 2);
INSERT INTO PUBLIC.REVIEWS (ID, COMMENT, EDITED, SCORE, PHOTO_ID, JURY_ID) VALUES (79, 'FAKE NEWS', true, 3, 20, 3);
INSERT INTO PUBLIC.REVIEWS (ID, COMMENT, EDITED, SCORE, PHOTO_ID, JURY_ID) VALUES (80, 'Admin Alergic', true, 7, 20, 4);
INSERT INTO PUBLIC.REVIEWS (ID, COMMENT, EDITED, SCORE, PHOTO_ID, JURY_ID) VALUES (81, 'Love the useless droplets ont the board', true, 7, 21, 1);
INSERT INTO PUBLIC.REVIEWS (ID, COMMENT, EDITED, SCORE, PHOTO_ID, JURY_ID) VALUES (82, 'Very nice and sharp', true, 9, 21, 2);
INSERT INTO PUBLIC.REVIEWS (ID, COMMENT, EDITED, SCORE, PHOTO_ID, JURY_ID) VALUES (83, 'My Uncle use to be a backer, The Best Backed there was', true, 7, 21, 3);
INSERT INTO PUBLIC.REVIEWS (ID, COMMENT, EDITED, SCORE, PHOTO_ID, JURY_ID) VALUES (84, 'Admin Eat', true, 7, 21, 4);
INSERT INTO PUBLIC.REVIEWS (ID, COMMENT, EDITED, SCORE, PHOTO_ID, JURY_ID) VALUES (85, null, false, 3, 22, 1);
INSERT INTO PUBLIC.REVIEWS (ID, COMMENT, EDITED, SCORE, PHOTO_ID, JURY_ID) VALUES (86, null, false, 3, 22, 2);
INSERT INTO PUBLIC.REVIEWS (ID, COMMENT, EDITED, SCORE, PHOTO_ID, JURY_ID) VALUES (87, null, false, 3, 22, 3);
INSERT INTO PUBLIC.REVIEWS (ID, COMMENT, EDITED, SCORE, PHOTO_ID, JURY_ID) VALUES (88, null, false, 3, 22, 4);
INSERT INTO PUBLIC.REVIEWS (ID, COMMENT, EDITED, SCORE, PHOTO_ID, JURY_ID) VALUES (89, null, false, 3, 23, 1);
INSERT INTO PUBLIC.REVIEWS (ID, COMMENT, EDITED, SCORE, PHOTO_ID, JURY_ID) VALUES (90, null, false, 3, 23, 2);
INSERT INTO PUBLIC.REVIEWS (ID, COMMENT, EDITED, SCORE, PHOTO_ID, JURY_ID) VALUES (91, null, false, 3, 23, 3);
INSERT INTO PUBLIC.REVIEWS (ID, COMMENT, EDITED, SCORE, PHOTO_ID, JURY_ID) VALUES (92, null, false, 3, 23, 4);
INSERT INTO PUBLIC.REVIEWS (ID, COMMENT, EDITED, SCORE, PHOTO_ID, JURY_ID) VALUES (93, null, false, 3, 24, 1);
INSERT INTO PUBLIC.REVIEWS (ID, COMMENT, EDITED, SCORE, PHOTO_ID, JURY_ID) VALUES (94, null, false, 3, 24, 2);
INSERT INTO PUBLIC.REVIEWS (ID, COMMENT, EDITED, SCORE, PHOTO_ID, JURY_ID) VALUES (95, null, false, 3, 24, 3);
INSERT INTO PUBLIC.REVIEWS (ID, COMMENT, EDITED, SCORE, PHOTO_ID, JURY_ID) VALUES (96, null, false, 3, 24, 4);
INSERT INTO PUBLIC.REVIEWS (ID, COMMENT, EDITED, SCORE, PHOTO_ID, JURY_ID) VALUES (97, null, false, 3, 25, 1);
INSERT INTO PUBLIC.REVIEWS (ID, COMMENT, EDITED, SCORE, PHOTO_ID, JURY_ID) VALUES (98, null, false, 3, 25, 2);
INSERT INTO PUBLIC.REVIEWS (ID, COMMENT, EDITED, SCORE, PHOTO_ID, JURY_ID) VALUES (99, null, false, 3, 25, 3);
INSERT INTO PUBLIC.REVIEWS (ID, COMMENT, EDITED, SCORE, PHOTO_ID, JURY_ID) VALUES (100, null, false, 3, 25, 4);
INSERT INTO PUBLIC.REVIEWS (ID, COMMENT, EDITED, SCORE, PHOTO_ID, JURY_ID) VALUES (101, null, false, 3, 26, 1);
INSERT INTO PUBLIC.REVIEWS (ID, COMMENT, EDITED, SCORE, PHOTO_ID, JURY_ID) VALUES (102, null, false, 3, 26, 2);
INSERT INTO PUBLIC.REVIEWS (ID, COMMENT, EDITED, SCORE, PHOTO_ID, JURY_ID) VALUES (103, null, false, 3, 26, 3);
INSERT INTO PUBLIC.REVIEWS (ID, COMMENT, EDITED, SCORE, PHOTO_ID, JURY_ID) VALUES (104, null, false, 3, 26, 4);
INSERT INTO PUBLIC.REVIEWS (ID, COMMENT, EDITED, SCORE, PHOTO_ID, JURY_ID) VALUES (105, null, false, 3, 27, 1);
INSERT INTO PUBLIC.REVIEWS (ID, COMMENT, EDITED, SCORE, PHOTO_ID, JURY_ID) VALUES (106, null, false, 3, 27, 2);
INSERT INTO PUBLIC.REVIEWS (ID, COMMENT, EDITED, SCORE, PHOTO_ID, JURY_ID) VALUES (107, null, false, 3, 27, 3);
INSERT INTO PUBLIC.REVIEWS (ID, COMMENT, EDITED, SCORE, PHOTO_ID, JURY_ID) VALUES (108, null, false, 3, 27, 4);
INSERT INTO PUBLIC.REVIEWS (ID, COMMENT, EDITED, SCORE, PHOTO_ID, JURY_ID) VALUES (109, null, false, 3, 28, 1);
INSERT INTO PUBLIC.REVIEWS (ID, COMMENT, EDITED, SCORE, PHOTO_ID, JURY_ID) VALUES (110, null, false, 3, 28, 2);
INSERT INTO PUBLIC.REVIEWS (ID, COMMENT, EDITED, SCORE, PHOTO_ID, JURY_ID) VALUES (111, null, false, 3, 28, 3);
INSERT INTO PUBLIC.REVIEWS (ID, COMMENT, EDITED, SCORE, PHOTO_ID, JURY_ID) VALUES (112, null, false, 3, 28, 4);
INSERT INTO PUBLIC.REVIEWS (ID, COMMENT, EDITED, SCORE, PHOTO_ID, JURY_ID) VALUES (113, null, false, 3, 29, 1);
INSERT INTO PUBLIC.REVIEWS (ID, COMMENT, EDITED, SCORE, PHOTO_ID, JURY_ID) VALUES (114, null, false, 3, 29, 2);
INSERT INTO PUBLIC.REVIEWS (ID, COMMENT, EDITED, SCORE, PHOTO_ID, JURY_ID) VALUES (115, null, false, 3, 29, 3);
INSERT INTO PUBLIC.REVIEWS (ID, COMMENT, EDITED, SCORE, PHOTO_ID, JURY_ID) VALUES (116, null, false, 3, 29, 4);
INSERT INTO PUBLIC.REVIEWS (ID, COMMENT, EDITED, SCORE, PHOTO_ID, JURY_ID) VALUES (117, null, false, 3, 30, 1);
INSERT INTO PUBLIC.REVIEWS (ID, COMMENT, EDITED, SCORE, PHOTO_ID, JURY_ID) VALUES (118, null, false, 3, 30, 2);
INSERT INTO PUBLIC.REVIEWS (ID, COMMENT, EDITED, SCORE, PHOTO_ID, JURY_ID) VALUES (119, null, false, 3, 30, 3);
INSERT INTO PUBLIC.REVIEWS (ID, COMMENT, EDITED, SCORE, PHOTO_ID, JURY_ID) VALUES (120, null, false, 3, 30, 4);
INSERT INTO PUBLIC.REVIEWS (ID, COMMENT, EDITED, SCORE, PHOTO_ID, JURY_ID) VALUES (121, null, false, 3, 31, 1);
INSERT INTO PUBLIC.REVIEWS (ID, COMMENT, EDITED, SCORE, PHOTO_ID, JURY_ID) VALUES (122, null, false, 3, 31, 2);
INSERT INTO PUBLIC.REVIEWS (ID, COMMENT, EDITED, SCORE, PHOTO_ID, JURY_ID) VALUES (123, null, false, 3, 31, 3);
INSERT INTO PUBLIC.REVIEWS (ID, COMMENT, EDITED, SCORE, PHOTO_ID, JURY_ID) VALUES (124, null, false, 3, 31, 4);
INSERT INTO PUBLIC.REVIEWS (ID, COMMENT, EDITED, SCORE, PHOTO_ID, JURY_ID) VALUES (125, null, false, 3, 32, 1);
INSERT INTO PUBLIC.REVIEWS (ID, COMMENT, EDITED, SCORE, PHOTO_ID, JURY_ID) VALUES (126, null, false, 3, 32, 2);
INSERT INTO PUBLIC.REVIEWS (ID, COMMENT, EDITED, SCORE, PHOTO_ID, JURY_ID) VALUES (127, null, false, 3, 32, 3);
INSERT INTO PUBLIC.REVIEWS (ID, COMMENT, EDITED, SCORE, PHOTO_ID, JURY_ID) VALUES (128, null, false, 3, 32, 4);
INSERT INTO PUBLIC.REVIEWS (ID, COMMENT, EDITED, SCORE, PHOTO_ID, JURY_ID) VALUES (129, null, false, 3, 33, 1);
INSERT INTO PUBLIC.REVIEWS (ID, COMMENT, EDITED, SCORE, PHOTO_ID, JURY_ID) VALUES (130, null, false, 3, 33, 2);
INSERT INTO PUBLIC.REVIEWS (ID, COMMENT, EDITED, SCORE, PHOTO_ID, JURY_ID) VALUES (131, null, false, 3, 33, 3);
INSERT INTO PUBLIC.REVIEWS (ID, COMMENT, EDITED, SCORE, PHOTO_ID, JURY_ID) VALUES (132, null, false, 3, 33, 4);
INSERT INTO PUBLIC.REVIEWS (ID, COMMENT, EDITED, SCORE, PHOTO_ID, JURY_ID) VALUES (133, null, false, 3, 34, 1);
INSERT INTO PUBLIC.REVIEWS (ID, COMMENT, EDITED, SCORE, PHOTO_ID, JURY_ID) VALUES (134, null, false, 3, 34, 2);
INSERT INTO PUBLIC.REVIEWS (ID, COMMENT, EDITED, SCORE, PHOTO_ID, JURY_ID) VALUES (135, null, false, 3, 34, 3);
INSERT INTO PUBLIC.REVIEWS (ID, COMMENT, EDITED, SCORE, PHOTO_ID, JURY_ID) VALUES (136, null, false, 3, 34, 4);
INSERT INTO PUBLIC.REVIEWS (ID, COMMENT, EDITED, SCORE, PHOTO_ID, JURY_ID) VALUES (137, null, false, 3, 35, 1);
INSERT INTO PUBLIC.REVIEWS (ID, COMMENT, EDITED, SCORE, PHOTO_ID, JURY_ID) VALUES (138, null, false, 3, 35, 2);
INSERT INTO PUBLIC.REVIEWS (ID, COMMENT, EDITED, SCORE, PHOTO_ID, JURY_ID) VALUES (139, null, false, 3, 35, 3);
INSERT INTO PUBLIC.REVIEWS (ID, COMMENT, EDITED, SCORE, PHOTO_ID, JURY_ID) VALUES (140, null, false, 3, 35, 4);
INSERT INTO PUBLIC.REVIEWS (ID, COMMENT, EDITED, SCORE, PHOTO_ID, JURY_ID) VALUES (141, null, false, 3, 36, 1);
INSERT INTO PUBLIC.REVIEWS (ID, COMMENT, EDITED, SCORE, PHOTO_ID, JURY_ID) VALUES (142, null, false, 3, 36, 2);
INSERT INTO PUBLIC.REVIEWS (ID, COMMENT, EDITED, SCORE, PHOTO_ID, JURY_ID) VALUES (143, null, false, 3, 36, 3);
INSERT INTO PUBLIC.REVIEWS (ID, COMMENT, EDITED, SCORE, PHOTO_ID, JURY_ID) VALUES (144, null, false, 3, 36, 4);
INSERT INTO PUBLIC.REVIEWS (ID, COMMENT, EDITED, SCORE, PHOTO_ID, JURY_ID) VALUES (145, null, false, 3, 37, 1);
INSERT INTO PUBLIC.REVIEWS (ID, COMMENT, EDITED, SCORE, PHOTO_ID, JURY_ID) VALUES (146, null, false, 3, 37, 2);
INSERT INTO PUBLIC.REVIEWS (ID, COMMENT, EDITED, SCORE, PHOTO_ID, JURY_ID) VALUES (147, null, false, 3, 37, 3);
INSERT INTO PUBLIC.REVIEWS (ID, COMMENT, EDITED, SCORE, PHOTO_ID, JURY_ID) VALUES (148, null, false, 3, 37, 4);
INSERT INTO PUBLIC.REVIEWS (ID, COMMENT, EDITED, SCORE, PHOTO_ID, JURY_ID) VALUES (149, null, false, 3, 38, 1);
INSERT INTO PUBLIC.REVIEWS (ID, COMMENT, EDITED, SCORE, PHOTO_ID, JURY_ID) VALUES (150, null, false, 3, 38, 2);
INSERT INTO PUBLIC.REVIEWS (ID, COMMENT, EDITED, SCORE, PHOTO_ID, JURY_ID) VALUES (151, null, false, 3, 38, 3);
INSERT INTO PUBLIC.REVIEWS (ID, COMMENT, EDITED, SCORE, PHOTO_ID, JURY_ID) VALUES (152, null, false, 3, 38, 4);
INSERT INTO PUBLIC.REVIEWS (ID, COMMENT, EDITED, SCORE, PHOTO_ID, JURY_ID) VALUES (153, null, false, 3, 39, 1);
INSERT INTO PUBLIC.REVIEWS (ID, COMMENT, EDITED, SCORE, PHOTO_ID, JURY_ID) VALUES (154, null, false, 3, 39, 2);
INSERT INTO PUBLIC.REVIEWS (ID, COMMENT, EDITED, SCORE, PHOTO_ID, JURY_ID) VALUES (155, null, false, 3, 39, 3);
INSERT INTO PUBLIC.REVIEWS (ID, COMMENT, EDITED, SCORE, PHOTO_ID, JURY_ID) VALUES (156, null, false, 3, 39, 4);
INSERT INTO PUBLIC.REVIEWS (ID, COMMENT, EDITED, SCORE, PHOTO_ID, JURY_ID) VALUES (157, null, false, 3, 40, 1);
INSERT INTO PUBLIC.REVIEWS (ID, COMMENT, EDITED, SCORE, PHOTO_ID, JURY_ID) VALUES (158, null, false, 3, 40, 2);
INSERT INTO PUBLIC.REVIEWS (ID, COMMENT, EDITED, SCORE, PHOTO_ID, JURY_ID) VALUES (159, null, false, 3, 40, 3);
INSERT INTO PUBLIC.REVIEWS (ID, COMMENT, EDITED, SCORE, PHOTO_ID, JURY_ID) VALUES (160, null, false, 3, 40, 4);
INSERT INTO PUBLIC.REVIEWS (ID, COMMENT, EDITED, SCORE, PHOTO_ID, JURY_ID) VALUES (161, null, false, 3, 41, 1);
INSERT INTO PUBLIC.REVIEWS (ID, COMMENT, EDITED, SCORE, PHOTO_ID, JURY_ID) VALUES (162, null, false, 3, 41, 2);
INSERT INTO PUBLIC.REVIEWS (ID, COMMENT, EDITED, SCORE, PHOTO_ID, JURY_ID) VALUES (163, null, false, 3, 41, 3);
INSERT INTO PUBLIC.REVIEWS (ID, COMMENT, EDITED, SCORE, PHOTO_ID, JURY_ID) VALUES (164, null, false, 3, 41, 4);





INSERT INTO PUBLIC.CONTESTS_PARTICIPANTS (CONTEST_ID, USER_ID) VALUES (1, 9);
INSERT INTO PUBLIC.CONTESTS_PARTICIPANTS (CONTEST_ID, USER_ID) VALUES (1, 12);
INSERT INTO PUBLIC.CONTESTS_PARTICIPANTS (CONTEST_ID, USER_ID) VALUES (1, 16);
INSERT INTO PUBLIC.CONTESTS_PARTICIPANTS (CONTEST_ID, USER_ID) VALUES (1, 17);
INSERT INTO PUBLIC.CONTESTS_PARTICIPANTS (CONTEST_ID, USER_ID) VALUES (1, 21);
INSERT INTO PUBLIC.CONTESTS_PARTICIPANTS (CONTEST_ID, USER_ID) VALUES (2, 9);
INSERT INTO PUBLIC.CONTESTS_PARTICIPANTS (CONTEST_ID, USER_ID) VALUES (2, 12);
INSERT INTO PUBLIC.CONTESTS_PARTICIPANTS (CONTEST_ID, USER_ID) VALUES (2, 16);
INSERT INTO PUBLIC.CONTESTS_PARTICIPANTS (CONTEST_ID, USER_ID) VALUES (2, 19);
INSERT INTO PUBLIC.CONTESTS_PARTICIPANTS (CONTEST_ID, USER_ID) VALUES (2, 21);
INSERT INTO PUBLIC.CONTESTS_PARTICIPANTS (CONTEST_ID, USER_ID) VALUES (3, 9);
INSERT INTO PUBLIC.CONTESTS_PARTICIPANTS (CONTEST_ID, USER_ID) VALUES (3, 17);
INSERT INTO PUBLIC.CONTESTS_PARTICIPANTS (CONTEST_ID, USER_ID) VALUES (3, 21);
INSERT INTO PUBLIC.CONTESTS_PARTICIPANTS (CONTEST_ID, USER_ID) VALUES (4, 9);
INSERT INTO PUBLIC.CONTESTS_PARTICIPANTS (CONTEST_ID, USER_ID) VALUES (4, 16);
INSERT INTO PUBLIC.CONTESTS_PARTICIPANTS (CONTEST_ID, USER_ID) VALUES (4, 17);
INSERT INTO PUBLIC.CONTESTS_PARTICIPANTS (CONTEST_ID, USER_ID) VALUES (5, 9);
INSERT INTO PUBLIC.CONTESTS_PARTICIPANTS (CONTEST_ID, USER_ID) VALUES (5, 16);
INSERT INTO PUBLIC.CONTESTS_PARTICIPANTS (CONTEST_ID, USER_ID) VALUES (5, 17);
INSERT INTO PUBLIC.CONTESTS_PARTICIPANTS (CONTEST_ID, USER_ID) VALUES (5, 19);
INSERT INTO PUBLIC.CONTESTS_PARTICIPANTS (CONTEST_ID, USER_ID) VALUES (5, 21);
INSERT INTO PUBLIC.CONTESTS_PARTICIPANTS (CONTEST_ID, USER_ID) VALUES (6, 5);
INSERT INTO PUBLIC.CONTESTS_PARTICIPANTS (CONTEST_ID, USER_ID) VALUES (6, 13);
INSERT INTO PUBLIC.CONTESTS_PARTICIPANTS (CONTEST_ID, USER_ID) VALUES (6, 15);
INSERT INTO PUBLIC.CONTESTS_PARTICIPANTS (CONTEST_ID, USER_ID) VALUES (6, 16);
INSERT INTO PUBLIC.CONTESTS_PARTICIPANTS (CONTEST_ID, USER_ID) VALUES (6, 17);
INSERT INTO PUBLIC.CONTESTS_PARTICIPANTS (CONTEST_ID, USER_ID) VALUES (6, 20);
INSERT INTO PUBLIC.CONTESTS_PARTICIPANTS (CONTEST_ID, USER_ID) VALUES (7, 11);
INSERT INTO PUBLIC.CONTESTS_PARTICIPANTS (CONTEST_ID, USER_ID) VALUES (7, 15);
INSERT INTO PUBLIC.CONTESTS_PARTICIPANTS (CONTEST_ID, USER_ID) VALUES (7, 16);
INSERT INTO PUBLIC.CONTESTS_PARTICIPANTS (CONTEST_ID, USER_ID) VALUES (7, 17);
INSERT INTO PUBLIC.CONTESTS_PARTICIPANTS (CONTEST_ID, USER_ID) VALUES (8, 5);
INSERT INTO PUBLIC.CONTESTS_PARTICIPANTS (CONTEST_ID, USER_ID) VALUES (8, 11);
INSERT INTO PUBLIC.CONTESTS_PARTICIPANTS (CONTEST_ID, USER_ID) VALUES (8, 13);
INSERT INTO PUBLIC.CONTESTS_PARTICIPANTS (CONTEST_ID, USER_ID) VALUES (8, 15);
INSERT INTO PUBLIC.CONTESTS_PARTICIPANTS (CONTEST_ID, USER_ID) VALUES (8, 16);
INSERT INTO PUBLIC.CONTESTS_PARTICIPANTS (CONTEST_ID, USER_ID) VALUES (8, 20);
INSERT INTO PUBLIC.CONTESTS_PARTICIPANTS (CONTEST_ID, USER_ID) VALUES (38, 11);
INSERT INTO PUBLIC.CONTESTS_PARTICIPANTS (CONTEST_ID, USER_ID) VALUES (38, 13);
INSERT INTO PUBLIC.CONTESTS_PARTICIPANTS (CONTEST_ID, USER_ID) VALUES (38, 15);
INSERT INTO PUBLIC.CONTESTS_PARTICIPANTS (CONTEST_ID, USER_ID) VALUES (38, 17);
INSERT INTO PUBLIC.CONTESTS_PARTICIPANTS (CONTEST_ID, USER_ID) VALUES (38, 20);





INSERT INTO PUBLIC.CONTESTS_JURIES (CONTEST_ID, USER_ID) VALUES (1, 1);
INSERT INTO PUBLIC.CONTESTS_JURIES (CONTEST_ID, USER_ID) VALUES (1, 2);
INSERT INTO PUBLIC.CONTESTS_JURIES (CONTEST_ID, USER_ID) VALUES (1, 3);
INSERT INTO PUBLIC.CONTESTS_JURIES (CONTEST_ID, USER_ID) VALUES (1, 4);
INSERT INTO PUBLIC.CONTESTS_JURIES (CONTEST_ID, USER_ID) VALUES (2, 1);
INSERT INTO PUBLIC.CONTESTS_JURIES (CONTEST_ID, USER_ID) VALUES (2, 2);
INSERT INTO PUBLIC.CONTESTS_JURIES (CONTEST_ID, USER_ID) VALUES (2, 3);
INSERT INTO PUBLIC.CONTESTS_JURIES (CONTEST_ID, USER_ID) VALUES (2, 4);
INSERT INTO PUBLIC.CONTESTS_JURIES (CONTEST_ID, USER_ID) VALUES (3, 1);
INSERT INTO PUBLIC.CONTESTS_JURIES (CONTEST_ID, USER_ID) VALUES (3, 2);
INSERT INTO PUBLIC.CONTESTS_JURIES (CONTEST_ID, USER_ID) VALUES (3, 3);
INSERT INTO PUBLIC.CONTESTS_JURIES (CONTEST_ID, USER_ID) VALUES (3, 4);
INSERT INTO PUBLIC.CONTESTS_JURIES (CONTEST_ID, USER_ID) VALUES (4, 1);
INSERT INTO PUBLIC.CONTESTS_JURIES (CONTEST_ID, USER_ID) VALUES (4, 2);
INSERT INTO PUBLIC.CONTESTS_JURIES (CONTEST_ID, USER_ID) VALUES (4, 3);
INSERT INTO PUBLIC.CONTESTS_JURIES (CONTEST_ID, USER_ID) VALUES (4, 4);
INSERT INTO PUBLIC.CONTESTS_JURIES (CONTEST_ID, USER_ID) VALUES (5, 1);
INSERT INTO PUBLIC.CONTESTS_JURIES (CONTEST_ID, USER_ID) VALUES (5, 2);
INSERT INTO PUBLIC.CONTESTS_JURIES (CONTEST_ID, USER_ID) VALUES (5, 3);
INSERT INTO PUBLIC.CONTESTS_JURIES (CONTEST_ID, USER_ID) VALUES (5, 4);
INSERT INTO PUBLIC.CONTESTS_JURIES (CONTEST_ID, USER_ID) VALUES (6, 1);
INSERT INTO PUBLIC.CONTESTS_JURIES (CONTEST_ID, USER_ID) VALUES (6, 2);
INSERT INTO PUBLIC.CONTESTS_JURIES (CONTEST_ID, USER_ID) VALUES (6, 3);
INSERT INTO PUBLIC.CONTESTS_JURIES (CONTEST_ID, USER_ID) VALUES (6, 4);
INSERT INTO PUBLIC.CONTESTS_JURIES (CONTEST_ID, USER_ID) VALUES (7, 1);
INSERT INTO PUBLIC.CONTESTS_JURIES (CONTEST_ID, USER_ID) VALUES (7, 2);
INSERT INTO PUBLIC.CONTESTS_JURIES (CONTEST_ID, USER_ID) VALUES (7, 3);
INSERT INTO PUBLIC.CONTESTS_JURIES (CONTEST_ID, USER_ID) VALUES (7, 4);
INSERT INTO PUBLIC.CONTESTS_JURIES (CONTEST_ID, USER_ID) VALUES (8, 1);
INSERT INTO PUBLIC.CONTESTS_JURIES (CONTEST_ID, USER_ID) VALUES (8, 2);
INSERT INTO PUBLIC.CONTESTS_JURIES (CONTEST_ID, USER_ID) VALUES (8, 3);
INSERT INTO PUBLIC.CONTESTS_JURIES (CONTEST_ID, USER_ID) VALUES (8, 4);
INSERT INTO PUBLIC.CONTESTS_JURIES (CONTEST_ID, USER_ID) VALUES (38, 1);
INSERT INTO PUBLIC.CONTESTS_JURIES (CONTEST_ID, USER_ID) VALUES (38, 2);
INSERT INTO PUBLIC.CONTESTS_JURIES (CONTEST_ID, USER_ID) VALUES (38, 3);
INSERT INTO PUBLIC.CONTESTS_JURIES (CONTEST_ID, USER_ID) VALUES (38, 4);
